Plot,Species,Tree,P,PLC
Irrigation,PIED,1,0,0
Irrigation,PIED,1,1.52,6.760667196
Irrigation,PIED,1,3.03,17.10775281
Irrigation,PIED,1,4.55,38.8881448
Irrigation,PIED,1,5.31,65.75534377
Irrigation,PIED,1,6.07,89.42861657
Irrigation,PIED,4,0,0
Irrigation,PIED,4,1.52,1.586221542
Irrigation,PIED,4,3.03,26.85147747
Irrigation,PIED,4,4.55,58.43743651
Irrigation,PIED,4,5.31,85.99956914
Irrigation,PIED,4,6.07,98.44777017
Irrigation,PIED,5,0,0
Irrigation,PIED,5,1.52,1.949414448
Irrigation,PIED,5,3.03,22.48479927
Irrigation,PIED,5,4.55,44.13909185
Irrigation,PIED,5,5.31,62.63740069
Irrigation,PIED,5,6.07,78.84525745
Drought,PIED,1,0,0
Drought,PIED,1,1.52,1.661162622
Drought,PIED,1,3.03,23.6419916
Drought,PIED,1,4.55,37.11792617
Drought,PIED,1,5.31,60.95379566
Drought,PIED,1,6.07,78.55097602
Drought,PIED,4,0,0
Drought,PIED,4,1.52,2.132058405
Drought,PIED,4,3.03,11.40098449
Drought,PIED,4,4.55,62.9934063
Drought,PIED,4,5.31,93.948823
Drought,PIED,4,6.07,98.89422822
Drought,PIED,5,0,0
Drought,PIED,5,1.52,3.914044135
Drought,PIED,5,3.03,29.80932592
Drought,PIED,5,4.55,46.38715441
Drought,PIED,5,5.31,77.12681461
Drought,PIED,5,6.07,94.22979393
Control,PIED,4,0,0
Control,PIED,4,1.52,3.885655019
Control,PIED,4,3.03,17.03015169
Control,PIED,4,4.55,54.60665477
Control,PIED,4,5.31,67.20664459
Control,PIED,4,6.07,86.59895902
Control,PIED,11,0,0
Control,PIED,11,1.52,3.165034685
Control,PIED,11,3.03,18.26566065
Control,PIED,11,4.55,61.74776295
Control,PIED,11,5.31,82.9981253
Control,PIED,11,6.07,96.14414862
Control,PIED,12,0,0
Control,PIED,12,1.52,1.539960323
Control,PIED,12,3.03,25.17095196
Control,PIED,12,4.55,42.97227351
Control,PIED,12,5.31,73.79072691
Control,PIED,12,6.07,95.39057934
